Make,Model,Updated
Latitude,9520,01/24/2023
Latitude,9510,10/11/2022
Latitude,9430,12/13/2022
Latitude,9420,11/22/2022
Latitude,9410,12/21/2022
Latitude,9330,12/27/2022
Latitude,7530,12/13/2022
Latitude,7520,12/27/2022
Latitude,7490,08/10/2021
Latitude,7480,09/08/2020
Latitude,7430,12/13/2022
Latitude,7424,08/10/2021
Latitude,7420,12/27/2022
Latitude,7414,02/12/2019
Latitude,7410,12/21/2022
Latitude,7404,04/10/2018
Latitude,7400,03/08/2022
Latitude,7400 (2-in-1),01/11/2022
Latitude,7390,08/25/2021
Latitude,7390 (2-in-1),07/28/2020
Latitude,7389,05/26/2020
Latitude,7380,05/26/2020
Latitude,7370,06/12/2019
Latitude,7350,03/27/2018
Latitude,7330 Rugged,01/24/2023
Latitude,7330,12/13/2022
Latitude,7320 DETACHABLE,01/24/2023
Latitude,7320,12/27/2022
Latitude,7310,10/11/2022
Latitude,7300,03/08/2022
Latitude,7290,07/13/2021
Latitude,72-in-1),04/28/2020
Latitude,7280,02/09/2021
Latitude,7275,06/12/2019
Latitude,7230 Rugged,12/01/2022
Latitude,7220,06/14/2022
Latitude,7214,02/12/2019
Latitude,7212,04/14/2020
Latitude,72-in-1),10/11/2022
Latitude,7204,04/10/2018
Latitude,7202,03/27/2018
Latitude,72-in-1),01/11/2022
Latitude,5591,08/10/2021
Latitude,5590,06/28/2022
Latitude,5580,05/26/2020
Latitude,5531,12/27/2022
Latitude,5530,01/24/2023
Latitude,5521,01/24/2023
Latitude,5520,11/22/2022
Latitude,5511,10/11/2022
Latitude,5510,10/11/2022
Latitude,5501,07/13/2022
Latitude,5500,07/12/2022
Latitude,5495,05/12/2020
Latitude,5491,07/13/2021
Latitude,5490,07/13/2021
Latitude,5480,09/08/2020
Latitude,5431,12/13/2022
Latitude,5430,12/27/2022
Latitude,5430 Rugged,01/24/2023
Latitude,5424,08/10/2021
Latitude,5421,01/24/2023
Latitude,5420 RUGGED,08/10/2021
Latitude,5420,01/24/2023
Latitude,5414,03/26/2019
Latitude,5411,10/11/2022
Latitude,5410,10/11/2022
Latitude,5404,04/10/2018
Latitude,5401,07/13/2022
Latitude,5400,03/08/2022
Latitude,5330,01/24/2023
Latitude,5320,01/24/2023
Latitude,5310 (2-in-1),10/11/2022
Latitude,5310,10/12/2022
Latitude,5300 (2-in-1),03/22/2022
Latitude,5300,06/28/2022
Latitude,52-in-1),01/12/2021
Latitude,5290,06/28/2022
Latitude,5289,09/18/2020
Latitude,52-in-1),04/28/2020
Latitude,5280,09/18/2020
Latitude,5179 (2-in-1),02/12/2019
Latitude,5175,09/18/2020
Latitude,3590,07/13/2021
Latitude,3570,01/08/2019
Latitude,3560,01/08/2019
Latitude,3550,03/27/2018
Latitude,3540,01/12/2016
Latitude,3530,11/22/2022
Latitude,3520,09/27/2022
Latitude,3510,10/11/2022
Latitude,3500,04/27/2021
Latitude,3490,07/13/2021
Latitude,3470,01/08/2019
Latitude,3460,01/08/2019
Latitude,3450,03/27/2018
Latitude,3440,06/14/2016
Latitude,3430,11/22/2022
Latitude,3420,09/27/2022
Latitude,3410,10/11/2022
Latitude,3400,02/08/2022
Latitude,3390 (2-in-1),01/12/2021
Latitude,3350,01/08/2019
Latitude,3340,04/10/2018
Latitude,3330,01/24/2023
Latitude,3320,10/11/2022
Latitude,3310,10/25/2022
Latitude,3310 (2-in-1),12/27/2022
Latitude,3301,06/14/2022
Latitude,3300,06/14/2022
Latitude,3190 (2-in-1),06/22/2021
Latitude,3190,06/22/2021
Latitude,3189,04/28/2020
Latitude,3180,04/28/2020
Latitude,3160,05/09/2017
Latitude,3150,05/09/2017
Latitude,3120,12/27/2022
Latitude,3380,05/12/2020
Latitude,3379,01/08/2019
Latitude,3580,04/28/2020
Latitude,3480,04/28/2020
Latitude,E7470,07/14/2020
Latitude,E7450/7450,03/27/2018
Latitude,E7440,04/10/2018
Latitude,E7270,06/12/2019
Latitude,E7250/7250,03/27/2018
Latitude,E7240,04/10/2018
Latitude,E6540,04/10/2018
Latitude,E6530,04/12/2016
Latitude,E6440,04/10/2018
Latitude,E6430S,04/12/2016
Latitude,E6430/E6430 ATG,04/12/2016
Latitude,E6330,04/12/2016
Latitude,E6230,04/12/2016
Latitude,E5570,01/08/2019
Latitude,E5550/5550,03/27/2018
Latitude,E5540,04/10/2018
Latitude,E5530,04/12/2016
Latitude,E5470,09/18/2020
Latitude,E5450/5450,09/18/2020
Latitude,E5440,04/10/2018
Latitude,E5430,04/12/2016
Latitude,E5270,09/18/2020
Latitude,E5250/5250,03/27/2018
Latitude,6430U,04/12/2016
